VBA Project,GUID,Friendly name
OL15Con,28716ba5-0774-44df-833b-0034d2c63319,how-to-save-from-excel-client-to-the-server
OL15Con,1cf5b314-39fa-996f-fd88-00380ffbc4de,pidtagnextsendacct
OL15Con,3fbec3be-82d2-cb12-9a02-006502b32895,ifreebusydata-placeholder5
OL15Con,e47d5a8d-6a13-f430-fbfd-00df04b4a006,iolkapptrebaser-endrebaseappointments
OL15Con,a2643cd7-474d-4e4c-85bb-00f0b6685a1d,get-started-with-workflows-in-sharepoint-2013
OL15Con,25508ec6-86bf-4eea-acf0-00f88e4faa55,how-to-create-filter-data-providers-for-performancepoint-services-in-sharepoint
OL15Con,a4572cd2-0dc1-439a-a265-0195766a4013,sample-tasks
OL15Con,e447127c-2b11-4d65-b46e-01a18cdcdee5,configure-search-in-sharepoint-2013
OL15Con,01a46083-03d0-4333-920c-01a9f17f68cb,selecting-an-api-or-technology-for-developing-solutions-for-outlook
OL15Con,ae9d73ed-1140-430b-9287-01dbbe8ae7d1,using-the-sharepoint-2013-search-query-apis
OL15Con,a1def24c-b2db-4bf9-8d2c-02f5628832f8,content-management-interoperability-services-cmis-in-sharepoint-2013
OL15Con,7b7059c0-ebe0-79d3-067a-040430e105cb,getting-started-outlook-auxiliary-reference
OL15Con,39f2163e-15cc-43bc-b131-041d5afdcd90,work-with-social-feeds-in-sharepoint-2013
OL15Con,a7d28349-3121-49ae-ad28-043789e2d205,getting-ready-to-release-an-osc-provider
OL15Con,e48e4812-a185-43c5-b243-04b1d79b88ee,external-events-and-alerts-in-sharepoint-2013
OL15Con,21d8db99-73b3-4429-b6cb-04e375af9f55,how-to-customize-page-layouts-for-a-catalog-based-site-in-sharepoint-2013
OL15Con,ff2911bd-9615-fc7d-eb03-0502debaa645,ifreebusysupport-placeholder6
OL15Con,d21aba9d-71a2-f090-d930-05fc6d84b673,ifreebusysupport-placeholder14
OL15Con,ae585dd3-82fe-46bb-ac93-065edc0a16f4,themes-overview-for-sharepoint-2013
OL15Con,08121e33-7820-4a31-b6da-06a4a54ec43f,hrprocessconvactionforsentitem
OL15Con,bc60ea49-c44e-4531-af62-06b8cf77d35d,how-to-create-an-external-content-type-from-an-odata-source-in-sharepoint-2013
OL15Con,e87c2327-f835-4278-9b68-06cb04360fcb,$$ol15weatherlocschema
OL15Con,3d692894-a0c1-b9dc-1196-07ecaa72afee,outlook-developer-reference-copyright-notice
OL15Con,c26c4160-31be-4358-89cf-082b8a1e6a6c,virtual-directories-in-sharepoint-2013-solutions
OL15Con,1425b9f2-606a-4522-b97c-0875d45eb175,outlook-social-connector-2013-provider-reference-copyright-notice
OL15Con,71fab25b-d4f3-4871-b9ad-08d3537098fc,workflow-conditions-quick-reference-sharepoint-2010-workflow-platform
OL15Con,63f58b9f-c814-4b6c-b896-098bfc02fc54,ifreebusydata-placeholder6
OL15Con,de7f56e2-c131-4955-b945-0a72043e0f5a,isocialsession-followperson
OL15Con,b60b3634-4c8b-4273-97a0-0a8a5a8a5342,registering-a-provider
OL15Con,236ebaf8-f92e-4192-9b51-0a9de0210885,how-to-retrieve-user-profile-properties-by-using-the-net-client-object-model-in
OL15Con,f1d62256-aca0-4a59-8145-0add9e68a449,how-to-create-a-mobile-app-in-sharepoint-2013-that-contains-data-from-an-externa
OL15Con,0dec535d-d48f-39a5-97d5-0bd109134b3b,about-persisting-tzdefinition-to-a-stream-to-commit-to-a-binary-property
OL15Con,8b585200-33e7-4607-a603-0c7e52a6b09d,testing-deployment
OL15Con,c50c5732-6750-44d4-9ab9-0d6df4b0d4d4,use-the-sharepoint-2013-object-model-in-an-app-for-sharepoint
OL15Con,544c87e5-887d-82ec-bf1a-0d95027fe0ec,iolkaccountmanager
OL15Con,3a5fcedc-aa9a-4ff4-95c0-0e0a7dea9d1f,how-to-deploy-a-claims-provider-in-sharepoint-2013
OL15Con,a86cb847-5d49-44b8-b2bc-0e35e70395b4,isocialsession-findperson
OL15Con,34fe2a35-6fb2-4c18-88f3-0edbb19716f1,isocialprofile-setstatus
OL15Con,1a782bac-48ee-4baf-8751-0f943a306e0f,sharepoint-2013-design-manager-display-templates
OL15Con,339c7dba-95ee-46e0-8c76-0fe1adb6f366,how-to-create-device-channels-in-sharepoint-2013_old
OL15Con,1951643d-e3ca-4d04-bc0c-10d9d0b35dad,capabilities-xml-elements
OL15Con,f2feeecb-1b4c-4049-be4e-11d414f13d9f,step-4-building-and-testing-the-application
OL15Con,979a5ffc-f033-4e72-b2d1-11d8cb1b294a,bdc-model-schema-reference-for-sharepoint-2013
OL15Con,d08a74c0-5674-4f26-8646-11ea1f081c85,sharepoint-2013-design-manager-image-renditions
OL15Con,c472ce02-4ef4-40a9-51de-12b37f092342,iolkaccounthelper-placeholder1
OL15Con,7a70d894-7cac-406e-8a34-12f9cd87470d,named-properties-account-management-api
OL15Con,883b1c5d-47dd-a006-b5f1-130691bdd019,iolkaccount-setprop
OL15Con,7e0550bc-92d1-407f-b8ba-1371c63bd16e,how-to-integrate-maps-with-windows-phone-apps-and-sharepoint-2013-lists
OL15Con,e1bc4900-d261-f692-386b-139ef6960212,pidtagprimarysendaccount
OL15Con,fe447899-d37a-4775-a09d-13ba3a878008,prop_acct_user_email_addr
OL15Con,f36645da-77c5-47f1-a2ca-13d4b62b320d,choose-the-right-api-set-in-sharepoint-2013
OL15Con,be615a89-3201-4cd8-bbc7-15f3abf9f668,sharepoint-2013-workflow-object-model
OL15Con,d9922e4b-4948-4c4a-a8ca-1623168143a3,how-to-retrieve-the-url-of-a-pages-library
OL15Con,02613912-36f6-4edc-a915-165d12e60bc8,accessing-a-schema
OL15Con,92f59a0d-3834-424d-ad81-167fdeba9bd0,what-s-new-for-providers
OL15Con,91a8ec9b-fb42-8081-cc23-172aa55531e1,outlook-weather-information-xml-schema
OL15Con,2c09bd02-bed0-4293-a4d4-1778692e246a,architecture-of-the-windows-phone-sharepoint-list-application-template
OL15Con,0799243e-ba92-44c4-b687-182e50b57cb7,outlook-social-connector-provider-error-codes
OL15Con,8b3c9a23-6378-4054-ad1c-193fc15c473c,isocialsession-logon
OL15Con,31004aec-7bd2-6e12-83eb-1a32da121c54,iolkaccountmanager-findaccount
OL15Con,3e40c475-f4c1-4a4f-a3e5-1a55f814d272,how-to-create-a-windows-phone-sharepoint-2013-list-app
OL15Con,4e705989-3fe1-4bdd-9721-1a800b086ccb,$$sp15con
OL15Con,36e8e3d5-83ac-4bd3-b556-1af132add3eb,accessing-the-soap-api
OL15Con,d8d41ced-c2bb-482e-b0bc-1b46c82121bd,isocialprovider-getautoconfiguredsession
OL15Con,65365b1d-cde5-47cd-8b04-1b76be0e3490,what-s-new-for-developers-in-social-and-collaboration-features-in-sharepoint-201
OL15Con,8bfefc48-1fbc-4b65-8156-1b7d0a8453ee,how-to-specify-a-range-address-and-sheet-name
OL15Con,80b9a360-bc2e-46c6-b0ca-1bc487b73db6,master-pages-the-master-page-gallery-and-page-layouts-in-sharepoint-2013
OL15Con,f46e8aa3-d2c2-45a2-93fe-1c40107fbf16,prop_smtp_ssl
OL15Con,51354c88-4330-40f0-bffa-1ce73f9ff298,how-to-create-filter-editors-for-performancepoint-services-in-sharepoint-2013
OL15Con,f35bdf5d-c102-4e2d-8a23-1d2df17155b9,shapes-in-the-sharepoint-server-workflow-template-in-visio
OL15Con,d67bd395-d324-217d-8ddc-1d48dd724383,iolkapptrebaser
OL15Con,3136420a-f8a2-4677-8b69-1d5d9705d96f,how-to-create-tabular-data-source-editors-for-performancepoint-services-in-share
OL15Con,187ec42e-f749-4e22-abef-1df604143063,how-to-crawl-associated-external-content-types-in-sharepoint-2013
OL15Con,0b5e74b7-405c-43c5-b2dd-1dff77280856,walkthrough-developing-using-the-content-editor-web-part
OL15Con,ff128d67-f3ac-4a8f-ae8e-1e19e343014e,excel-services-error-codes
OL15Con,ff756bf1-9395-5e50-4f55-1eb0365a84ed,constants-free-busy-api
OL15Con,c12d7fd4-8c6b-446b-970b-1eb0e5d0a9b2,build-localized-applications-for-windows-phone-based-on-the-sharepoint-templates
OL15Con,4a2811dc-25fd-4eb2-b0ab-1edded64c556,how-to-use-code-to-pin-terms-to-navigation-term-sets-in-sharepoint-2013
OL15Con,7437a7a8-85cb-4233-84af-1eec30dd54b2,work-with-user-profiles-in-sharepoint-2013
OL15Con,cf727140-f6e7-4718-bd74-1f8feeccf70c,isocialperson-getactivities
OL15Con,6febe7dc-a552-4c79-aa3e-203d882286e3,how-to-use-the-closeworkbook-method-call-asynchronously
OL15Con,4dced536-4931-943f-f400-21cfc03dd5a1,ifreebusysupport-placeholder5
OL15Con,d8375505-432e-438e-971b-221a1d9bb601,extend-the-fixed-format-export-feature-in-word-automation-services
OL15Con,d83c8a43-49dd-47eb-94d4-23aa2cf71a9a,setting-up-a-development-environment-for-bcs-in-sharepoint-2013
OL15Con,e5dfd8df-65de-44fc-aa97-23b4685d33ee,how-to-change-the-preview-page-in-sharepoint-2013-design-manager
OL15Con,09ad5d5e-1678-45e4-8159-23ef56f84215,how-to-locate-and-copy-microsoft-office-excel-webui-dll-and-microsoft-office-exc
OL15Con,aaea2c76-b373-419c-9782-240e32c5e1e0,reference-outlook-auxiliary-reference
OL15Con,9511846c-d2c6-4f23-b5de-24be4749598a,create-sharepoint-2013-no-code-solutions
OL15Con,a72c6cad-9e3d-4d57-bf26-24cd1ad7f020,role-inheritance-elevation-of-privilege-and-password-changes-in-sharepoint-2013
OL15Con,bffc6565-636f-40d4-ba17-2511070ba5db,loop-back-soap-calls-and-direct-linking
OL15Con,5872f311-e180-4578-ac80-2519c1081951,excel-services-rest-api-overview
OL15Con,780ade1c-88d0-04d2-ba7e-251c19c43438,hrcreatenewwrappedobject
OL15Con,acb67186-ab38-e918-5402-2526307a5bd0,iolkaccountmanager-freememory
OL15Con,e316a424-d789-4ce5-bcc6-263049f3659e,prop_smtp_secure_connection
OL15Con,2d0a2945-54d7-417f-b5c6-2647c70263cf,isocialsession-getperson
OL15Con,c166ecdd-7f93-4bbb-b543-2687992dd2bc,customizing-ranking-models-to-improve-relevance-in-sharepoint-2013
OL15Con,bd98a41b-623c-41d4-a15d-26c0d4ba4311,fast-query-language-fql-syntax-reference
OL15Con,ffe48267-d6c7-c1d0-9298-272b31fd8102,prop_acct_user_display_name
OL15Con,d3e6aa72-2eb8-4b4b-a0eb-273486890d00,step-4-testing-and-calling-udfs-from-cells
OL15Con,e7d8c919-7aa6-466a-acb0-27366129061c,configuration-administration-and-resources-in-sharepoint-2013
OL15Con,54377ab4-8c69-4d7a-b9b7-278241823c8d,isocialsession-loggedonuserid
OL15Con,0e5ffb61-1469-bc91-f237-27d1156179cd,iolkaccountmanager-init
OL15Con,634aa471-07e1-41d6-aa80-27f7ef7e9dc8,how-to-create-a-minimal-master-page-in-sharepoint-2013
OL15Con,c103d48d-53ca-4b19-b16f-2862379587ef,activitydetails-element
OL15Con,2a15e5df-b8e3-9c37-b1ee-2881d010e30b,constants-account-management-api
OL15Con,5d89797a-d636-411a-8e8b-28dbcac5af50,functions-data-degradation-layer-api
OL15Con,9f71fdef-5df5-0892-b64c-293a2f22f5c3,iolkaccounthelper-handsoffsession
OL15Con,29834b3f-3815-4347-91d3-296387663114,overview-of-design-manager-in-sharepoint-2013
OL15Con,26873259-330c-493f-b935-297a7a5a086d,how-to-create-custom-sharepoint-server-2013-workflow-forms-with-visual-studio-20
OL15Con,13c0ae8c-d268-4bf0-942d-2a6160142f5e,quick-steps-for-learning-to-develop-a-provider
OL15Con,e48f9f26-4329-b38e-29b6-2ad0745935ba,ifreebusysupport-placeholder16
OL15Con,d73cf6c2-0677-4726-8a3e-2ad130e1a12c,basic-uri-structure-and-path
OL15Con,91fca6c2-60ca-4177-8560-2b310dac0e2c,using-the-pairing-cmdlet-register-spworkflowservice
OL15Con,c50ef989-ed11-4aad-bc02-2c7a8a387ebb,sample-delegation-federation-and-authentication-scenario-in-sharepoint-2013
OL15Con,e8c21960-6ea0-43c0-821e-2db2a0ecec90,how-to-create-and-delete-posts-and-retrieve-the-social-feed-by-using-the-javascr
OL15Con,ef457ad5-f5a0-7bb1-ba0a-2dd8ea733df2,ifreebusysupport-placeholder7
OL15Con,89349d1e-365a-442e-9ba3-2df601d9323c,basic-authentication
OL15Con,62d5b815-f199-499e-85eb-2dff21a8216e,isocialperson-getfriendsandcolleagues
OL15Con,8852ce36-8309-45a7-a141-2e10ac17a123,get-started-developing-with-social-features-in-sharepoint-2013
OL15Con,95281e78-6517-428a-93c5-2e4a168d4661,isocialsession-siteurl
OL15Con,acaf556d-e20d-478d-8c59-2efd8efb9dcb,how-to-set-up-an-environment-for-developing-mobile-apps-for-sharepoint
OL15Con,84366e01-4961-459d-8109-2f1d2d714353,how-to-follow-documents-and-sites-by-using-the-net-client-object-model-in-sharep
OL15Con,e219adf6-e591-72e6-b9bd-2fc62eb5142d,iolkaccountmanager-setorder
OL15Con,13661393-adf6-4870-86c4-303262317675,outlook-social-connector-provider-reference
OL15Con,aa50ca36-8d01-4770-9d9c-30a5baa146ff,activity-feed-xml-example
OL15Con,d18b48d4-987c-4228-9932-30d5b30f86a2,custom-word-breakers-in-sharepoint-server-2013
OL15Con,00d2cf8d-93b0-4aab-8e76-31a6bb2f0dcb,what-s-new-in-word-automation-services-for-developers
OL15Con,da67171d-d25f-3424-1409-33189ac63a12,fbblock_1
OL15Con,eb819681-5a4f-49ae-b7f4-334366c51112,how-to-set-various-credentials
OL15Con,612780a8-6267-49f6-a32d-33600bb5f6b4,how-to-add-a-device-channel-panel-snippet-in-sharepoint-2013
OL15Con,99b3dd51-1651-4300-a2de-33681f4cc258,how-to-crawl-binary-large-objects-blobs-in-sharepoint-2013
OL15Con,b387f896-c213-fc07-a12a-33917e620837,iolkenum-getnext
OL15Con,8d1a4e3a-ae6f-41a5-bd80-3398ba541207,upgrade-custom-themes-and-css-to-sharepoint-2013
OL15Con,eef8991d-0844-4b35-a092-33c957102dee,excel-web-access
OL15Con,f0baa310-7a53-07ee-0a7d-33dd1fb465c2,ifreebusysupport-loadfreebusydata
OL15Con,ed50422e-9edf-4b73-1789-340b70532621,iolkapptrebaser-beginrebaseappointments
OL15Con,157aed97-1cb9-465d-b7eb-343771cc0cba,outlook-social-connector-provider-reference-0
OL15Con,1127956a-37aa-c39e-60b4-343dcc4ead82,weather-element-weatherdata-elementoutlook-weather-location-schema
OL15Con,edad1223-a55f-4e4a-8e90-3471f2f559ac,xml-for-capabilities
OL15Con,5f2abb1a-fcf5-4d06-9576-34a50e21c911,prop_smtp_port
OL15Con,f4fef896-0803-4fdb-a40b-34bf15e20e4b,isocialprovider-getstatussettings
OL15Con,fbbf0cc4-e135-426a-9996-34eb954dbd5a,custom-security-trimming-for-search-in-sharepoint-server-2013
OL15Con,58e68fb2-ba40-4861-912f-355e119a1c41,reference-threads-and-digest-threads-in-sharepoint-server-2013-social-feeds
OL15Con,38560a3b-69c6-4a56-97ca-3625bbd5755e,search-connector-framework-in-sharepoint-2013
OL15Con,3b355b98-dd7d-4f16-8257-367e5dd61b34,extending-the-weather-bar-in-outlook
OL15Con,2f81acbb-1263-4f9d-8865-36eb7a3f907b,sharepoint-2013-design-manager-branding-and-design-capabilities
OL15Con,f5db43e9-687b-d467-1be1-3737e3f91c27,prop_acct_delivery_store
OL15Con,70fbdb41-46ea-d016-25a2-37e94962095d,ienumfbblock-skip
OL15Con,da487569-f2f0-404c-b944-38ed1c1b82bb,applying-a-sample-provider-template
OL15Con,896932d7-bd71-4a55-aa58-394a9ccf0d5e,osc-sample-templates
OL15Con,b94d848e-868a-5d5e-ad82-39ed9bd5b357,weathertype-complextype-outlook-weather-information-schema
OL15Con,5437ccae-981a-4a6a-80c3-39f39002193b,preparing-for-developing-sharepoint-2013-apps-for-mobile-devices
OL15Con,ccc7e204-f857-45a9-81ec-3a8484e6d454,how-to-set-values-of-ranges
OL15Con,f7e13fcb-a86a-4a1e-af59-3bace98ce9d7,excel-services-in-sharepoint-2013
OL15Con,437541f8-5cd9-46f4-92b6-3bf9d7e62f69,general-guidelines
OL15Con,11ecb65e-6dc5-4cf1-80ca-3c16418697b6,add-sharepoint-2013-capabilities
OL15Con,48d43068-d3d4-395b-ae8a-3d8287141595,ifreebusysupport-placeholder10
OL15Con,4139901f-255b-4556-b8c8-3d986a07c587,unsupported-features-in-excel-services-rest-api
OL15Con,f5869fe2-1bef-4e6f-bfdc-3e109501d260,working-with-tasks-in-sharepoint-2013-workflows-using-visual-studio-2012
OL15Con,11b25e03-41e8-4a25-be50-3e3730bf3bc0,isocialperson-getstatus
OL15Con,a924bd7b-a5e3-41bf-b0a7-3e43945fa951,sharepoint-2013-design-manager-device-channels
OL15Con,de3c35ef-84a3-b991-7c98-3eca720c9ba0,weather-element-weatherdata-elementoutlook-weather-information-schema
OL15Con,360854bb-e9be-a784-e80b-3f18418ded1b,iolkaccountnotify
OL15Con,2355ffd0-8190-4385-955c-3f72bce7efc6,excel-services-ecmascript-javascript-jscript
OL15Con,7a1876da-aeb5-4017-8eb6-3fed47912f70,how-to-access-an-external-data-source-from-a-udf
OL15Con,97f08cde-d6e4-8935-1758-4018a3baf682,iolkaccount-getaccountinfo
OL15Con,2f846e96-6c9e-4ed2-9602-4081ad0ab135,requesting-excel-workbook-data-from-sharepoint-server-using-odata
OL15Con,3040e1cc-da26-48ee-be9b-409a7bed8bf0,how-to-use-location-information-in-a-sharepoint-2013-list-app-for-windows-phone
OL15Con,8cb8f916-f061-4c4c-ad1b-40d44af3345a,getting-activities
OL15Con,a9c2f3d9-cea2-49a3-b709-40dc614b9f86,office-2013-documentation-copyright-notice
OL15Con,04e00e49-c12d-4517-8574-410741d0fa06,about-anti-spam-settings
OL15Con,42014171-5ee5-421d-9cde-413efc3aecef,access-sharepoint-from-mobile-and-native-device-apps
OL15Con,1ce650d4-7aa5-45c9-9507-41eb8830d2f0,functions-outlook-exported-apis
OL15Con,d96c7cf4-2e48-4223-a3c0-42368d079b74,claims-based-identity-and-concepts-in-sharepoint-2013
OL15Con,dcb526f8-1476-39da-cb07-42575db94320,ifreebusysupport-placeholder8
OL15Con,f61960f7-e018-4d2e-8e32-426ed46d9064,osc-typical-calling-sequences
OL15Con,0ae21571-2299-6407-807c-428668bb6798,tzdefinition
OL15Con,4c6f1279-28df-45af-8488-42a6573d526d,step-1-creating-a-project-and-adding-a-udf-reference
OL15Con,08c687aa-e485-4269-aea8-4333da3588a5,incoming-claims-signing-into-sharepoint-2013
OL15Con,a64c5bec-64a8-4752-9c72-433d1c864aed,retrieving-query-suggestions-using-the-search-rest-service
OL15Con,a353e1a3-0187-20af-b9ba-43438f6024d5,tzreg
OL15Con,0989bf64-ff2a-4ad4-b0da-43901040da98,sharepoint-composites-handbook
OL15Con,989a5873-49f9-49e4-8d0f-439dde891cc2,how-to-follow-documents-sites-and-tags-by-using-the-rest-service-in-sharepoint-2
OL15Con,a395ca32-c315-4cd2-b93c-43c74fa017ba,prop_smtp_server
OL15Con,aacf3398-f0b5-48cb-9071-440b4c3a9dd1,authorization-users-groups-and-the-object-model-in-sharepoint-2013
OL15Con,65d0c111-b090-4b1b-a747-44285b7c16b2,osc-provider-xml-examples
OL15Con,311f036e-3442-4497-b35e-442b665462d3,create-hybrid-connectivity-apps-for-sharepoint
OL15Con,5b57296c-61d7-e517-7ab7-44a9cc1f7ffc,acct_bin
OL15Con,017df869-44fb-4ffe-82fb-4654e01329ad,build-mobile-apps-for-other-platforms-using-sharepoint-2013
OL15Con,a4e7030b-05c2-484e-b21f-46cba937b803,excel-services-alerts
OL15Con,858bb0f6-654a-4f12-ba0b-4776bda5ff6d,how-to-programmatically-add-an-excel-web-access-web-part-to-a-page
OL15Con,3f0853fc-f9f2-4314-ac55-47fe1e52d019,about-conflict-resolution-for-custom-item-types
OL15Con,72319846-d02d-49e7-b830-48eb8f5715cb,overview-of-the-sharepoint-2013-mobile-object-model
OL15Con,eb3434e5-bc75-4474-8873-4980062fd29c,workflow-actions-quick-reference-sharepoint-2013-workflow-platform
OL15Con,4664df83-cf81-36d4-189d-4a09be371638,acct_variant
OL15Con,5ffaa585-a872-4e14-bc0e-4a38c6a16b04,working-with-web-services-in-sharepoint-2013-workflows-using-visual-studio-2012
OL15Con,4ebe1da2-9861-416f-bef1-4a62599efe2e,sample-uri-for-excel-services-rest-api
OL15Con,ae1abafe-160c-47c0-b4d5-4a689c8c4cb1,capabilities-xml-example
OL15Con,3c07f71d-b906-4a7f-b20a-4a7f558dbf11,isocialprovider-socialnetworkguid
OL15Con,bdda92c8-9c8d-416e-9a6b-4a9373686fa0,custom-content-processing-with-the-content-enrichment-web-service-callout
OL15Con,0fa2e235-63d0-41b1-9eed-4aeb2f59a14d,follow-people-in-sharepoint-2013
OL15Con,0872b1b9-c21f-4bba-8cf1-4b010d8d7fb6,developing-a-provider-with-the-osc-xml-schema
OL15Con,fb159708-d6b4-40c1-b5cc-4bb2071a7930,performancepoint-services-in-sharepoint-2013
OL15Con,9927b9e7-daea-4261-80fa-4cc25f489e22,how-to-embed-images-videos-and-documents-in-posts-in-sharepoint-server-2013
OL15Con,a0b586cd-65f6-4792-851c-4d36eaeec56d,isocialprofile-arefriendsorcolleagues
OL15Con,bb4467e2-57f0-4cf1-91b8-4d3d8d2358cb,build-reusable-components-for-sharepoint-2013
OL15Con,9ca3172a-82a3-4483-b0aa-4e848930f6ed,isocialperson-getdetails
OL15Con,8733aab9-3a8e-4924-b62f-4e871d991c72,isocialsession2-getpeopledetails
OL15Con,7d416f6e-2471-4d03-97ae-4e8d907784c6,how-to-map-a-network-drive-to-the-sharepoint-2013-master-page-gallery
OL15Con,fa68a055-9e58-40ef-886e-4e8ebb08a2a9,concepts-outlook-auxiliary-reference
OL15Con,e3a8e057-f803-446d-81c9-4eb8ef3691e1,discovery-in-excel-services-rest-api
OL15Con,4e7147ea-0eb0-324a-80d8-4f0eef654c32,ifreebusydata-setfbrange
OL15Con,dd7a7e62-4cf2-bdd3-8a00-4fff5ac575d3,iolkenum-getcount
OL15Con,b8d69685-3612-421e-b011-50b4d580d461,what-s-new-in-sharepoint-2013-search-for-developers
OL15Con,3b2ee5aa-7639-d86d-447e-50bda54aa3ec,iolkaccount-freememory
OL15Con,7d7b3aa6-85b7-400d-8ea5-50bebac56a1d,how-to-create-an-odata-data-service-for-use-as-a-bcs-external-system
OL15Con,3e8cf5a1-31d1-4d69-8db3-511b6880eb89,why-develop-an-outlook-social-connector-provider
OL15Con,4c6d44d2-238b-42d8-896b-51d513c9e14c,new-in-outlook-for-developers
OL15Con,0a3fbfb3-1a0b-4902-9317-525cf2f63d98,optimize-sharepoint-site-accessibility
OL15Con,cab5ba90-bd23-4cec-82d7-529e3f86ba88,how-to-back-up-and-restore-sharepoint-2013-using-a-vss-requestor
OL15Con,70d5ca8d-520d-40a9-b24e-52bb31bd6c22,workflow-activity-classes-in-sharepoint-2013
OL15Con,1d51421b-61ac-46b6-a865-52f968ddc5b3,what-s-new-in-workflows-for-sharepoint-2013
OL15Con,16117716-6ce5-4890-a829-5312f76164d0,how-to-create-scorecard-transforms-for-performancepoint-services-in-sharepoint-2
OL15Con,0f3decb5-dcd8-432f-9bb8-533f2d01bef7,claims-based-identity-term-definitions
OL15Con,cf6e67f1-4978-4908-67f3-53925fc2ae63,ifreebusysupport-placeholder13
OL15Con,ff9b0314-eea1-47e4-87c7-53ed4de98c30,getting-familiar-with-visual-designer-for-workflow-in-sharepoint-designer-2013
OL15Con,601fbfce-a0c6-43dd-8398-540d094c083c,how-to-create-an-external-list-using-an-odata-data-source-in-sharepoint-2013
OL15Con,4b2bf607-7c56-61a0-e40d-54af2b90aa6d,schema-map-outlook-weather-information-schema
OL15Con,45fbc451-06f0-133d-9818-55574e202091,elements-outlook-weather-information-schema
OL15Con,dcbab309-8754-40d8-94d1-5567f2989487,prop_smtp_password
OL15Con,2e637172-ddac-4a70-bd77-55a1645a3db1,save-download-and-upload-a-sharepoint-2013-site-as-a-template
OL15Con,a1567278-fac4-4b3b-a814-56f2376c1217,understanding-excel-services-udfs
OL15Con,1e5e2a0a-041a-481c-a18b-578562a60e24,step-3-deploying-and-enabling-udfs
OL15Con,545b4930-ac05-4c9d-9980-5818cb800cf1,understanding-how-to-package-and-deploy-workflow-in-sharepoint-2013
OL15Con,fc2972da-80e9-50e2-10b3-585eb63e9103,iolkaccounthelper
OL15Con,4aaf7417-0a03-42a4-a282-599327ec5381,isocialprofile-getactivitiesoffriendsandcolleagues
OL15Con,8a454399-0b5c-488a-9b87-5a21a2f0dace,how-to-specify-whether-to-display-a-contact-s-picture-in-outlook-outlook-auxilia
OL15Con,265028b7-a583-f6ba-0214-5a4322f98f35,hrcreateapptrebaser
OL15Con,f962922c-2967-492f-9a89-5ad10a1a6dd3,office-2013-and-sharepoint-2013-application-services
OL15Con,33ed8106-d850-42b1-8d7f-5ba83901149c,how-to-avoid-getting-throttled-or-blocked-in-sharepoint-online
OL15Con,45cb324a-75f5-444d-a0fa-5c223df19016,ediscovery-in-sharepoint-2013
OL15Con,084928ca-efc0-36da-fe4f-5cc45f226178,about-meeting-requests-as-informational-updates-and-full-updates
OL15Con,68fa2138-86d9-4e35-9c7c-5cd292087b80,how-to-configure-and-use-push-notifications-in-sharepoint-2013-apps-for-windows
OL15Con,57b799df-c31a-b73b-f598-5d01b0e74dc5,ifreebusysupport-placeholder17
OL15Con,6e91b765-a207-4d8c-8763-5d643ca4d0c0,synchronizing-friends-and-activities
OL15Con,108127da-d12e-a1f6-97e3-5d68f7bbc0e6,ifreebusysupport-placeholder19
OL15Con,bd22026c-e4f7-2f25-0ef2-5d9539fd7eee,iolkaccountmanager-getorder
OL15Con,f31a3594-c328-4731-b8eb-5da6b85103ad,how-to-add-a-geolocation-column-to-a-list-programmatically-in-sharepoint-2013
OL15Con,90a51150-5c2c-4d5b-8717-5dacc8532744,locating-the-message-download-history-for-a-pop3-account
OL15Con,a8903440-ff8f-41a4-8c2a-5dbe12c07cfb,workflow-actions-available-using-the-workflow-interop-bridge
OL15Con,739af178-96b3-4630-bbc0-5def02065eeb,how-to-create-sharepoint-2013-workflows-using-visual-studio
OL15Con,33f49e69-c1d3-4a6e-8887-5df683cba022,cross-site-publishing-in-sharepoint-2013
OL15Con,9641a5a2-af6a-4999-b42b-5e9a004b47fc,prop_inet_use_spa
OL15Con,ea8b8f02-959f-cd71-9cfe-5ebdf4bae2bc,iolkaccounthelper-getidentity
OL15Con,32b6af2a-72f3-4302-a6af-5f00143cbf67,claims-based-identity-in-sharepoint-2013
OL15Con,13f16dc3-f652-4fb3-996b-5f2166236d2b,how-to-work-with-user-profiles-and-organization-profiles-by-using-the-server-obj
OL15Con,ed8c5d12-e17d-4ceb-b195-601c26824370,visio-services-in-sharepoint-2013
OL15Con,6301d6b6-34fa-af8d-e682-605d35cfdf47,forecasttype-complextype-outlook-weather-information-schema
OL15Con,a637dcab-81e0-4195-a1d5-61d9957fcf10,iolkaccountmanager-displayaccountlist
OL15Con,73df233e-bad8-4ea1-b05d-61ecab597924,understanding-dictionary-actions-in-sharepoint-designer-2013
OL15Con,642175cb-8fcb-4210-8d1e-626ad1f58bb0,how-to-create-report-renderers-for-performancepoint-services-in-sharepoint-2013
OL15Con,b4a41437-4f00-4f88-8510-627fa0252004,excel-services-known-issues-and-tips
OL15Con,d50536f6-d02e-4060-9286-634dfd06206c,trigger-expressions-syntax-in-sharepoint-2013
OL15Con,97591e34-59c4-41e0-5efc-634fb0f5aa1b,ifreebusysupport-placeholder12
OL15Con,6ec65a5a-23ad-4e50-a27f-648902ebb5a0,free-busy-api-reference
OL15Con,13aa6ae2-47b9-2cf4-a6ef-651f1338dd49,how-to-use-relative-time-to-access-free-busy-data
OL15Con,168c7dc0-fbdc-41a2-84db-65d211d3d673,powerpoint-automation-services-in-sharepoint-2013
OL15Con,52003a4e-1b61-2965-5204-6601652dd15b,pidlidinternetaccountstamp
OL15Con,54bd69c3-a9fa-d2ac-9a91-67187c92fc8a,ienumfbblock-reset
OL15Con,f1c2b359-5b0d-467d-a863-6732e23863b9,step-1-creating-a-ecmascript-text-file
OL15Con,3f332de3-470d-9bc2-0c65-684bb58bcd7a,iolkerrorunknown-getlasterror
OL15Con,f86e2695-4d7a-4fc5-bc23-689de96c4b06,sharepoint-2013-development-overview
OL15Con,2de5c77c-3fac-cfb6-3719-68df4013cf11,rebasetaskcomplete
OL15Con,27732f6d-e030-4080-9684-69293a57598b,prop_inet_ssl
OL15Con,32033fea-873c-4781-900a-6946906066b0,excel-services-rest-api
OL15Con,d8489f59-522f-433c-b9c1-69e597be51c7,keyword-query-language-kql-syntax-reference
OL15Con,15a81428-da94-40b8-8ed4-6a12f05661e2,machine-translation-services-in-sharepoint-2013
OL15Con,fe4ad8cf-2c6f-488d-8b33-6bf4357018ac,understanding-eventing-actions-in-sharepoint-designer-2013
OL15Con,04861390-84d5-40ea-b0db-6c0748eff196,how-to-apply-a-master-page-to-a-site-in-sharepoint-2013
OL15Con,b8c82c77-c836-47f9-a11e-6c9c656d436b,how-to-make-custom-css-files-themable-in-sharepoint-2013
OL15Con,0663cc8c-a736-434d-9858-6ce12ce7f748,how-to-access-external-data-with-rest-in-sharepoint-2013
OL15Con,3d94d040-eecf-4f8e-a316-6d1cca95e7eb,frequently-asked-questions-about-excel-services-udfs
OL15Con,599bfc7d-7b62-7cc1-69ff-6db04c96a49b,prop_acct_is_exch
OL15Con,de0436de-5cd6-4e13-8794-6dfbdb1e4ea0,prop_inet_user
OL15Con,ac1e9891-5ce9-4707-84e5-6e2fc02fda6b,what-s-new-with-sharepoint-2013-site-development
OL15Con,d4e44498-9a3d-4f2f-b5ba-6ebef9971dcb,how-to-use-the-content-enrichment-web-service-callout-for-sharepoint-server
OL15Con,35c5d670-e402-4641-b3c5-6f61ae1ec69b,how-to-convert-an-add-in-scoped-external-content-type-to-tenant-scoped
OL15Con,d5d84d6f-6a8e-4ead-9296-7025baf1e154,how-to-detect-the-installed-sku-of-sharepoint-2013
OL15Con,496780d5-47d6-4a43-bf14-70aefb8d820c,workflow-development-in-sharepoint-designer-and-visio
OL15Con,ff1a6843-6dd6-4527-9fc1-70da288cb9e7,outlook-configuration
OL15Con,d00679a3-ffa2-4281-ad8b-70fc2c4a14e2,exporting-and-importing-search-configuration-settings-in-sharepoint-2013
OL15Con,30e68cd6-6e55-4cf9-afd6-7139b0a97288,follow-content-in-sharepoint-2013
OL15Con,5b050392-46b5-4f3a-dc67-714c32e6f8fd,ifreebusysupport-placeholder3
OL15Con,75ed353c-7d3e-e148-4057-715e82a0f32c,tzrule
OL15Con,322ea2e9-d6c9-48f9-a927-7162346d16a4,isocialprovider-defaultsiteurls
OL15Con,0b2e5a4e-40f0-4ccf-a21a-7274921f2169,vss-requestors-and-sharepoint-2013
OL15Con,17a2fa12-a7ef-4a95-9875-72ec6f8ceac9,isocialpersoniunknown
OL15Con,975da333-372b-4bf6-a3f4-7452db369f04,how-to-include-mentions-tags-and-links-to-sites-and-documents-in-posts-in-sharep
OL15Con,2643c286-47c9-4a7a-9273-7474394477d6,how-to-follow-people-by-using-the-javascript-object-model-in-sharepoint-2013
OL15Con,32a5d4b7-ead7-24e7-58f2-750232263a0d,iolkaccountmanager-savechanges
OL15Con,3b372a63-7cdf-462a-abb4-750e611e967d,build-sites-for-sharepoint
OL15Con,5447e6a1-2f14-4667-81d0-7514b468be80,how-to-create-a-page-layout-in-sharepoint-2013
OL15Con,f4217030-5fd1-4ec4-a83f-752717fbb787,isocialsession-logonweb
OL15Con,c3ef38aa-559e-4832-95c7-75e222c77624,developing-with-duet-enterprise-2-0
OL15Con,cd822240-a895-65da-6a0e-76657c15a69e,iolkenum-reset
OL15Con,7a87e5bf-4428-4055-b113-7665a93e7326,using-odata-sources-with-business-connectivity-services-in-sharepoint-2013
OL15Con,32f89b97-8274-4cb0-9164-7898735a18aa,how-to-customize-list-item-queries-and-filter-data-for-windows-phone-apps
OL15Con,fad9c0fd-b523-db98-ee0d-78aad5914ff2,ienumfbblock
OL15Con,17b4af7f-7967-422b-996c-792705c93ad3,isocialsession2-followpersonex
OL15Con,8ed91929-fdb6-4fde-ba2a-7942870575f3,get-started-using-the-client-object-model-with-external-data-in-sharepoint-2013
OL15Con,b6a3321f-4131-4a8e-9cb7-7a1b4ab9e26b,prepare-to-set-up-and-configure-a-sharepoint-workflow-development-environment
OL15Con,a409c49b-b390-021e-2ec1-7a5932a0c8de,prop_acct_delivery_folder
OL15Con,6f8f6af2-c7fa-4135-9532-7af5fc643b0d,template-variables
OL15Con,e6b52c6c-32f8-4689-8c1a-7b50039dcbe8,code-samples-for-sharepoint-2013
OL15Con,06219071-a7c1-4f54-b07f-7b7001592330,working-with-the-excel-services-javascript-object-model
OL15Con,b033f79f-2179-4cfd-9d1c-7c04f83d4a4b,workflow-actions-quick-reference-sharepoint-2010-workflow-platform
OL15Con,69048e4c-6d6d-4e4e-b74c-7c72ae444354,upgrade-web-templates-for-sharepoint-2013
OL15Con,8734790c-eb75-4d78-9604-7cc23b33b693,authentication-authorization-and-security-in-sharepoint-2013
OL15Con,578be74e-6aeb-fc62-7c32-7e7e6aa61f39,ifreebusydata-placeholder1
OL15Con,e0349b4a-2d52-46c4-a167-801e9c24eaca,excel-services-architecture
OL15Con,c280ae92-c52b-4658-b0f3-805fb215ef8e,how-to-use-the-client-code-library-to-access-external-data-in-sharepoint-2013
OL15Con,3a6efae9-b18f-4032-b0db-809e611ce9b7,how-to-crop-an-image-rendition-in-sharepoint-2013_old
OL15Con,85eabab0-4b8a-4849-9cba-80fd06732183,user-segmentation-in-sharepoint-2013
OL15Con,407b3aa3-7286-462b-905f-811a3b7f3f1c,removing-excel-interactive-view-from-a-webpage
OL15Con,c75f908e-c462-4608-9d27-8287d963d735,prop_smtp_user
OL15Con,4f022e0d-1fe3-4fab-b41f-82a0d628f77c,how-to-restrict-udf-code-access-security-permissions
OL15Con,282b2377-45ba-4f0c-a7d9-830fa3505c93,forms-based-authentication
OL15Con,ed275dfe-8ba0-ed23-4d9f-837af90cc800,ifreebusysupport-placeholder18
OL15Con,00ee657f-a32a-495e-80b4-83ac0f60df44,overview-of-the-sharepoint-2013-mobile-client-authentication-object-model
OL15Con,17df868b-d329-cefa-bd16-84960cbf5921,ifreebusysupport
OL15Con,79f95305-ec9e-4842-b937-85f66ced98e4,resources-uri-for-excel-services-rest-api
OL15Con,882ea867-9acb-4313-99c9-865a523b72fd,changes-in-the-bdc-model-schema-for-sharepoint-2013
OL15Con,52169bda-d771-497c-bfe9-8697e6db595f,interfaces-outlook-exported-apis
OL15Con,bd6bdaf6-52d5-4308-9c3d-869f6e1a6608,isocialsession-getloggedonuser
OL15Con,12cfe096-6882-c0be-b248-87567cb71e83,prop_mapi_transport_flags
OL15Con,8cac444b-0e81-44ff-a7a0-87793b533e26,isocialsession2-logoncached
OL15Con,223869e3-1b79-101f-dfd3-87902fc43c6f,ifreebusysupport-placeholder9
OL15Con,e83e409c-f201-df9d-5e30-879adf15318d,iolkenum-skip
OL15Con,d2e01e3c-634b-4052-8ed1-87f7863cfec5,prop_inet_password
OL15Con,0fdb7ca5-d408-4256-b52b-886c4bc3b5b8,how-to-follow-people-by-using-the-net-client-object-model-in-sharepoint-2013
OL15Con,c6bf3db0-db79-4b13-9834-891d24b2c9e5,get-started-with-business-connectivity-services-in-sharepoint-2013
OL15Con,360c5766-4b5d-4a48-9f23-8955036924ce,how-to-create-a-udf-that-calls-a-web-service
OL15Con,6825518d-eeb2-40b0-8a5b-897025f13796,how-to-create-a-master-page-preview-file-in-sharepoint-2013
OL15Con,245ee38c-3167-4713-9189-8a61e4625ebc,outlook-mapi-reference
OL15Con,301e6e58-5153-4ca9-a419-8ae0535ebbed,how-to-support-and-convert-sharepoint-2013-field-types-for-windows-phone-apps
OL15Con,1da8d484-3666-42c3-8a8f-8b3ef93e96e9,how-to-learn-to-read-and-write-to-the-social-feed-by-using-the-rest-service-in-s
OL15Con,8ce4d5b2-111b-49e7-9d07-8c2c586221ec,how-to-use-the-subcode-property-to-capture-error-codes
OL15Con,8f1ab61e-7d1c-50d5-ae21-8cb4b08d729c,iolkaccount-savechanges
OL15Con,4656f6a0-36fd-4b7d-898e-8cd4bdbbda57,create-a-workflow-with-elevated-permissions-by-using-the-sharepoint-2013-workflo
OL15Con,9124fa30-d58b-8354-91e9-8d2237a8251d,forecast-element-weathertype-complextypeoutlook-weather-information-schema
OL15Con,d8c554c5-89ac-9b32-5561-8d8178d2525a,about-the-last-update-time-of-an-offline-address-book
OL15Con,4202cafc-9011-406d-90b3-8dabf531c90b,prop_smtp_auth_method
OL15Con,7360633a-a7cf-4194-8bbd-8dd7c323e80b,how-to-extend-the-geolocation-field-type-using-client-side-rendering
OL15Con,1e622296-f78b-4e3a-a1e7-8effa24111a8,sharepoint-2013-workflow-fundamentals
OL15Con,ec0aac33-624e-48f7-8177-8f7b8db6af7d,prop_acct_preferences_uid
OL15Con,17c5e44e-ae56-8de7-3579-90171d996411,about-the-free-busy-api
OL15Con,4beaab08-760b-408a-b768-906312779379,how-to-add-a-security-trim-snippet-in-sharepoint-2013
OL15Con,6fb4bf41-0846-4dca-ad9e-906afdfd3d2b,content-search-web-part-in-sharepoint-2013
OL15Con,364fb8d7-87d9-4be7-affd-90caba3cd0c0,bcs-rest-api-reference-for-sharepoint-2013
OL15Con,c967be7c-f29f-481a-9ce2-915ead315dcd,modify-sharepoint-components-for-mds
OL15Con,ddf54c98-5ebc-4171-bcbe-927cc982bca5,how-to-add-an-image-rendition-to-a-page-in-sharepoint-2013_old
OL15Con,39a1cc3f-c78d-478f-8c15-928b96386a52,what-s-new-in-sharepoint-2013-ediscovery-and-compliance
OL15Con,8946703a-aaa8-6b3f-aa68-931365db620d,iolkapptrebaser-beginenumerateappointments
OL15Con,d18d07b6-1a6b-4589-a65c-932b67cef595,how-to-brand-snippets-by-using-css-in-sharepoint-2013
OL15Con,b86242f3-dfd7-398e-a054-93db85b69752,prop_acct_send_stamp
OL15Con,33cb89cb-c967-760c-6bc4-94118a4f872c,iolkenum
OL15Con,c05755df-846d-4a39-941d-950d066cc6d4,following-people-and-content-rest-api-reference-for-sharepoint-2013
OL15Con,8b8368d2-b04b-42a5-fdc3-955fc873c2f5,rebasetaskprogress
OL15Con,c64db8ea-d6ad-4fb9-97aa-958e5a0daf8f,prop_mapi_identity_entryid
OL15Con,f703df24-8e56-4e6a-bc37-95acbb3c83e8,how-to-deploy-a-custom-theme-in-sharepoint-2013
OL15Con,e1a8664e-fb43-45c2-83aa-9635fe1efc99,how-to-use-a-custom-security-trimmer-for-sharepoint-server-search-results
OL15Con,39fa1e32-9129-407d-914f-96f4c6e66dc8,how-to-add-an-edit-mode-panel-snippet-in-sharepoint-2013
OL15Con,161418d7-8123-4c4e-91a1-97e43c17f0e6,urls-and-tokens-in-sharepoint-2013
OL15Con,97751a6c-ef73-4d95-a3c4-98014d84ba48,how-to-deploy-udfs-using-sharepoint-foundation-solutions
OL15Con,6ea44d3f-0b05-43d4-99ae-98886b6909f0,matching-the-sharepoint-designer-version-with-the-farm-version
OL15Con,a431787c-6e9a-9be1-165f-98c778d12e3e,iolkaccounthelper-getmapisession
OL15Con,df210364-fe20-8e33-a455-9902f04ec739,iolkaccountmanager-deleteaccount
OL15Con,dfc92878-ab8b-4721-aee8-997c56a8e45b,isocialprovider-version
OL15Con,3c96be6a-a8ff-43ad-8361-999293aff71f,what-s-new-in-business-connectivity-services-in-sharepoint-2013
OL15Con,de5fdb67-201b-4d7a-90a8-99ab7e51ea4e,how-to-catch-exceptions
OL15Con,38b342d9-ab10-04b6-5490-9a45f847a60f,about-rebasing-calendars-programmatically-for-daylight-saving-time
OL15Con,22d7c1e8-48b9-4768-b4de-9a9f32a3aabb,prop_pop_leave_on_server
OL15Con,5c789f58-9cdb-4601-9047-9c6f83f2fbba,excel-services-development-roadmap
OL15Con,96c32f08-ad93-49af-b8d0-9d194a48cc79,build-farm-solutions-in-sharepoint-2013
OL15Con,33fbcf91-0a5d-47ab-85a9-9d2d556a204d,understanding-coordination-actions-in-sharepoint-designer-2013
OL15Con,7919a255-2935-4cb0-bffa-9d431d77848a,outlook-calendars-and-appointments
OL15Con,7b251308-70ff-a1ec-e968-9d5993909505,about-apis-exported-by-outlook
OL15Con,eff6d5d6-8855-4e54-a781-9deab8cc0aca,technical-requirements
OL15Con,e0602371-ae22-44be-8a7e-9e47e9f046d6,workflows-in-sharepoint-2013
OL15Con,2f9bf243-281a-4d70-917e-9eaf0b867631,walkthrough-developing-a-custom-application-using-excel-web-services
OL15Con,1a5195ae-7905-477a-7818-9eb3bff64af0,schema-map-outlook-weather-location-schema
OL15Con,c9a80ad3-6311-fe07-b6f7-9fd63424753b,ifreebusydata
OL15Con,09ed59af-5e2b-4716-a9e4-a015e4793d85,how-to-customize-the-user-interface-of-a-sharepoint-2013-list-app-for-windows-ph
OL15Con,1f0fc9fc-0db4-47bb-8204-a06777b84e76,step-1-creating-the-web-service-client-project
OL15Con,ba93e5c0-e591-48d0-a716-a08ec7ef6cea,sharepoint-online-suite-navigation-control
OL15Con,7fe2fbf0-546b-4a16-b02e-a0960bfb3842,how-to-create-external-content-types-for-sql-server-in-sharepoint-2013
OL15Con,6cfd89ff-846e-486b-8f73-a109016813ab,how-to-refresh-data
OL15Con,74662f25-5e18-4d0b-999c-a144427ad9e3,activitytemplatecontainer-element
OL15Con,5918d5b6-5fd6-4f41-9473-a15b1491d056,claims-provider-in-sharepoint-2013
OL15Con,35a8a925-650a-4529-8666-a1637efcb7f5,understanding-fonts-in-sharepoint-2013_old
OL15Con,8a4f7863-e4c1-4099-9189-a1894db36930,sharepoint-search-rest-api-overview
OL15Con,c4372fcc-4574-4c81-a345-a1bb282ca8f7,building-search-queries-in-sharepoint-2013
OL15Con,ba1b9425-6c16-cab2-da0a-a21734118098,how-to-read-time-zone-properties-from-an-appointment
OL15Con,8c1af2eb-bb22-45e1-82de-a2b4b53d7a26,how-to-enable-udfs
OL15Con,1c9f4dd4-65f6-446f-8b86-a375ce402658,isocialprovideriunknown
OL15Con,f83577e4-ebb8-44e5-8dec-a3ca5878b7fd,sharepoint-2013-vss-writer
OL15Con,039b3a45-bd57-51f5-1485-a3f6d1bde85a,how-to-parse-a-stream-from-a-binary-property-to-read-the-tzdefinition-structure
OL15Con,b72124aa-2e85-057c-9343-a40af60b91a0,prop_acct_id
OL15Con,66c83041-ee83-41d5-b9dc-a4dc4c670f82,isocialsession-unfollowperson
OL15Con,f8054fd9-85ba-fcf6-c96d-a54095d5238c,weathertype-complextype-outlook-weather-location-schema
OL15Con,5af36a87-e782-df63-4190-a608758fef50,ienumfbblock-clone
OL15Con,416c8269-3c4e-40f4-bc20-a625f07a4dac,validation-issues-in-visio-sharepoint-2010-workflow-platform
OL15Con,56fa3913-c156-49da-bed0-a6a106fc129f,excel-services-best-practices
OL15Con,b66d4ec1-a2ef-49cc-8ca5-a6b516bff02e,managed-metadata-and-navigation-in-sharepoint-2013
OL15Con,061985ec-6129-4e91-991b-a72488ce1d34,programming-models-in-sharepoint-2013
OL15Con,45d4ef08-02d6-48dd-b0ef-a748db1a0c6a,getting-ranges-using-atom-feed-and-html-fragment
OL15Con,0f396c0b-f578-4d1a-9e6b-a75f352265ab,how-to-trust-a-location
OL15Con,366550fa-e787-4ca0-bfe1-a7890dfc27c6,overview-of-xml-for-an-activity-feed-item
OL15Con,1c65d2df-86a3-48d5-9fec-a9040f3b878c,getting-started-with-developing-an-outlook-social-connector-provider
OL15Con,109c34b6-911b-4dfc-9799-aadf47172e84,testing-friends
OL15Con,caaf9a09-2e6a-49e3-a8d6-aaf7f93a842a,sharepoint-server-2013-application-lifecycle-management
OL15Con,acc4a555-a3bf-4a79-86dc-aba6477733b8,xml-for-activities
OL15Con,8f3228ca-57fd-4253-a07d-abeb63298c58,how-to-create-a-claims-provider-in-sharepoint-2013
OL15Con,d50b473b-3af2-42a2-ab0e-ac0488f2588b,build-a-workflow-powered-app-for-sharepoint
OL15Con,eb6b921d-ecf8-3ce5-87ba-ac1632416b05,about-the-account-management-api
OL15Con,70b6ecc8-6be3-0f05-3291-ac5b7f2ecfdb,prop_acct_stamp
OL15Con,e3ad18be-9547-9811-73e0-aca9c0fc7f76,about-the-data-degradation-layer-api
OL15Con,068d0b99-1762-42de-b6c9-acb1cffc6e31,what’s-new-for-developers-in-sharepoint-2013
OL15Con,f4f3556c-54a1-af21-49f1-acd1b43e955e,ifreebusysupport-placeholder21
OL15Con,6546be99-aee4-41a6-8297-ace378776503,isocialsession-getactivities
OL15Con,756b9395-25d8-3f98-d664-ad827bd167f6,ifreebusysupport-placeholder20
OL15Con,98343c36-5e32-4d07-b474-adfeca693135,testing-activities
OL15Con,4c061484-2ba5-45ea-9860-aec9d7c8f80e,develop-the-site-design-in-sharepoint-2013
OL15Con,625bc1d0-55db-4420-a02e-aee04028b215,what-s-new-in-access
OL15Con,a0fd2123-7c7a-40f3-8249-af2c9e9f272c,outlook-exported-apis
OL15Con,a5204ddd-5af4-4dd8-bc83-af96ac390786,properties-account-management-api
OL15Con,27dd8024-7e00-40de-a688-afc67c880603,excel-services-user-defined-functions
OL15Con,369cf384-94b6-4d41-8938-afdcbd13f132,outlook-account-management
OL15Con,5b313130-500c-4ccf-80ea-b102f30e5afb,how-to-build-search-driven-mobile-apps-with-the-navigation-and-event-logging-res
OL15Con,28f5d3b1-6fe8-4b1f-8c4e-b11105fe6f46,develop-sharepoint-2013-workflows-using-visual-studio
OL15Con,3cfeb8d7-84b8-4673-bc92-b176cba4ac3e,how-to-create-a-mashup-that-uses-an-embedded-workbook-and-bing-maps
OL15Con,68fef652-5db7-4273-a0ad-b196c5fa114b,account-management-api-reference
OL15Con,69e1f5bc-354c-4c33-84a1-b1aa10d4b650,testing-capabilities-authentication-and-configuration
OL15Con,8b51675f-77b7-4df0-8496-b1e8958c6544,isocialprovider-socialnetworkicon
OL15Con,c0e7b788-3198-499c-ae21-b2032f929ed9,isocialsession-loggedonusername
OL15Con,7386bbf9-3ed6-4732-bcdb-b27baed7397e,workflow-initiation-and-configuration-properties
OL15Con,c603c3c6-62c8-4895-93e1-b2e146dfaa4f,testing-following-and-stop-following-persons
OL15Con,6fd69e94-ebe1-4d5d-98db-b2f3ce16f098,understanding-task-actions-in-sharepoint-designer-2013
OL15Con,e9bf6878-c722-4b1f-b5b5-b302ae0ea4da,common-error-messages-in-sharepoint-workflow-development
OL15Con,c0e130f6-c210-44ea-83ed-b327f04551d6,how-to-configure-msmq-for-sharepoint-2013-workflows
OL15Con,e30ef4e3-72ff-43de-beba-b377141d4d19,excel-web-services
OL15Con,7d35a1d0-2267-86d9-2bf4-b3f95b3693e1,ifreebusysupport-placeholder23
OL15Con,564b6ee8-1c74-4c62-8b3b-b4351826d74c,outlook-primary-interop-assembly-reference
OL15Con,c53cfe28-603c-49c5-bce6-b4401c7c5091,prop_smtp_use_auth
OL15Con,80b34a29-3d40-4d11-9ba1-b4886ffcfd42,how-to-save-to-the-server-to-prepare-for-programmatic-access
OL15Con,88e09f75-480f-4a68-87a6-b496350345cc,workflow-actions-and-activities-reference-for-sharepoint-2013
OL15Con,d82986c1-3a1e-48de-b6c9-b4bc64a88ee2,prop_smtp_use_spa
OL15Con,dbb8342b-e4e0-f89d-3e14-b4c7049095ef,iolkaccountmanager-enumerateaccounts
OL15Con,5acca047-ff2a-716c-8dd4-b676fce1a3cf,pidlidinternetaccountname
OL15Con,60418ec6-b714-b3bd-f350-b67e8af12815,elements-outlook-weather-location-schema
OL15Con,18e32537-d7ed-4fe7-90cf-b6cfab3f85a3,how-to-customize-a-field-type-using-client-side-rendering
OL15Con,c88f087e-4ff4-0837-186d-b6e761468a4d,iolkaccountmanager-advise
OL15Con,cb342e94-0308-4608-b027-b73ebe8107b0,what-s-new-in-excel-web-services
OL15Con,8e5b42e3-844f-488c-ba6f-b74c447b1d59,prop_mapi_emsmdb_uid
OL15Con,e180c2fb-a903-4ded-884e-b7584fa99189,working-with-the-sharepoint-2013-workflow-services-client-side-object-model
OL15Con,a5adf39b-8640-4871-be60-b786dcf9fafc,debugging-sharepoint-server-2013-workflows
OL15Con,d592a396-f935-c44c-409f-b849c327cfbd,current-element-weathertype-complextypeoutlook-weather-information-schema
OL15Con,ca78b080-0be4-4da4-b112-b86b1bde66e4,how-tos-for-sharepoint-2013
OL15Con,e6a00833-0606-4a7d-91c3-b89a6e340348,walkthrough-developing-a-managed-code-udf
OL15Con,c6e1ca38-134f-428a-8d21-b8b2615b161b,how-to-retrieve-user-profile-properties-by-using-the-javascript-object-model-in
OL15Con,18b829c5-644d-4756-864b-b8da67e0d760,data-types-free-busy-api
OL15Con,85ad1993-4d75-4806-9097-b934865a899a,sharepoint-2013-design-manager-design-packages
OL15Con,d2dfaeed-7635-4c6b-9c35-b955ca1a85e9,debugging-a-provider
OL15Con,fee38837-1985-4319-ba4e-b99c6ec66336,javascript-user-defined-functions-overview
OL15Con,660c0f07-7030-4576-957e-b9f2cd0fa895,the-xliff-interchange-file-format-in-sharepoint-2013
OL15Con,9caa7d99-1e74-4889-96c7-ba5a10772ad7,minimal-download-strategy-overview
OL15Con,9f4663ac-13d3-6c46-f839-ba6bca4047a3,currenttype-complextype-outlook-weather-information-schema
OL15Con,371b48c5-6d77-4d2d-890c-bb234c7eaabc,isocialprovider-getsession
OL15Con,e227613d-0e4d-4312-924d-bb55e1fe4293,how-to-apply-styles-to-page-fields-in-sharepoint-2013
OL15Con,bf0d3edc-3280-4500-8fae-bb7f338bb7dd,downloading-the-samples
OL15Con,1120ad84-577f-6a72-cd3d-bb9bf3ffaa08,types-outlook-weather-information-schema
OL15Con,83afbdef-4f12-4673-a0c1-bbf86274558f,friends-xml-example
OL15Con,8d734ed6-7636-40c5-a99b-bc038362cffe,how-to-create-tabular-data-source-providers-for-performancepoint-services-in-sha
OL15Con,ffaccd6b-426d-4ca0-b62f-bc7b14641a49,sharepoint-2013-workflow-samples
OL15Con,dbe6f019-b4f2-480f-a8e7-bcb8842ab924,transfer-a-workflow-between-sharepoint-designer-2013-and-visio-professional-2013
OL15Con,9dfb9b6d-2fb4-45bf-a12f-bd10a799ce29,installation-checklist
OL15Con,51bc37fd-37de-4ad0-a75a-bdf7333bc80c,visio-shapes-in-sharepoint-designer-2013-a-quick-reference-guide-sharepoint-2010
OL15Con,d27f654d-242f-4f34-8385-be857c170532,step-3-accessing-the-web-service
OL15Con,11d7adb5-5388-4517-ae03-beb7be1c6981,external-content-types-in-sharepoint-2013
OL15Con,c6c6bfda-5525-4618-b08c-bf85440b7415,data-degradation-layer-api-reference
OL15Con,59d639e4-d171-4556-a1b9-bf9ecb1f85cf,outlook
OL15Con,6cc93fef-a6a8-9ca6-dc34-bfb9bf2926f5,ifreebusysupport-placeholder15
OL15Con,7675aae8-05b5-6361-c20f-c0ae3fd32576,ifreebusysupport-placeholder22
OL15Con,f8c1be86-df19-44c3-a3bc-c0da2b80df10,excel-services-ecmascript-overview
OL15Con,68b9b5d7-a4d0-4925-adc1-c0e3cda9be16,isocialperson-getfriendsandcolleaguesids
OL15Con,e67b0690-a3f4-4523-94a6-c0e4005bcb69,interfaces-account-management-api
OL15Con,202599e3-232e-4b3a-9da5-c11f6e972283,create-associations-in-sharepoint-2013
OL15Con,41131b27-d750-4d11-b3c7-c17ad4d666e2,develop-access-web-apps
OL15Con,3c15ede5-8a59-47e6-a0b2-c17ec6bf4ae1,how-to-learn-to-read-and-write-to-the-social-feed-by-using-the-net-client-object
OL15Con,bc8769c6-ae71-4519-abf3-c1b6fb071059,working-with-web-services-in-sharepoint-2013-workflows-using-sharepoint-designer
OL15Con,ec31782e-1bc5-4dc3-8df7-c29cd5f7f05c,query-refinement-in-sharepoint-2013
OL15Con,0fe423d7-b044-479b-89ad-c39620eedd65,isocialsessioniunknown
OL15Con,c5e816b5-2ff2-4f59-ba54-c3ed291f8bba,deploying-a-provider
OL15Con,d61bab07-acb3-433b-8783-c3fe110a5582,isocialsession-getlogonurl
OL15Con,9cfbf12c-a71c-092b-d86a-c5585b0f1edb,iolkerrorunknown
OL15Con,5725eb52-3a78-897d-f9e3-c5a494fb78c0,iolkaccount-getprop
OL15Con,22e3de8a-c4f2-41a4-a5b1-c5b1bf06f724,best-practices-for-developing-a-provider
OL15Con,906f6c19-7f53-a8de-9748-c5dff0425bd3,ifreebusysupport-placeholder11
OL15Con,7590a30e-3fd8-7ae3-f077-c80f6cc21d7b,constants-outlook-exported-apis
OL15Con,1fd848c7-038e-4e2f-8997-c8509b31df79,available-events-and-their-dispids-outlook-exported-apis
OL15Con,bfe30c22-017b-42e0-93be-c85d674c07e3,isocialsession2-getactivitiesex
OL15Con,3c67b1cf-5fca-4805-a1b5-c9ac1ff8aede,enhancing-the-bdc-model-file-for-search-in-sharepoint-2013
OL15Con,de3169f1-715e-4f80-bfbf-caea744e2a0b,use-feature-upgrade-to-apply-new-sharepoint-2013-master-pages-when-upgrading-fro
OL15Con,66af835e-2c8f-405e-8bed-cb1e5436e190,sorting-search-results-in-sharepoint-2013
OL15Con,94e13811-04ec-e381-99ff-cb8f42d4bf1e,outlook-auxiliary-reference-copyright-notice
OL15Con,c05e0127-c6f5-48b8-b8f2-cbcc30149c8b,creating-a-workflow-by-using-sharepoint-designer-2013-and-the-sharepoint-2013-wo
OL15Con,4b515860-69ae-4af8-8013-cd071c0ddca6,upgrade-site-customizations-for-sharepoint-2013
OL15Con,21682e45-dd78-4f3c-8f1e-cdd48de3bde2,search-add-ins-in-sharepoint-2013
OL15Con,c9106d47-c523-49c1-b9f1-cdd7420abd5e,accessibility-in-sharepoint-2013
OL15Con,af60dae9-1e55-db73-1bb4-cdedcbb21bc6,ifreebusydata-placeholder3
OL15Con,59220f81-0e5e-4945-8056-cf0a116446cb,search-in-sharepoint-2013
OL15Con,39115503-8352-4589-87f4-cfa9c07260b6,how-to-get-an-entire-workbook-or-a-snapshot
OL15Con,887cea55-8f1c-45ec-3100-d03e1213d7c9,ienumfbblock-restrict
OL15Con,ffd730f2-e7b7-4707-b677-d073da7df7d7,how-to-configure-item-level-security-in-sharepoint-2013
OL15Con,c0fbaeca-fbc8-4857-b458-d0fc74d5f804,outlook-vba-reference
OL15Con,10d4a904-ed27-4513-8c20-d2098aebf22c,integrating-location-and-map-functionality-in-sharepoint-2013
OL15Con,f40d5405-12e3-475b-b731-d2223ab70c1d,isocialprovider-getcapabilities
OL15Con,0cd8ba27-3326-4b60-a2d0-d289a94f11bb,create-a-map-view-for-the-geolocation-field-in-sharepoint-2013
OL15Con,f1cb914f-1e91-4e23-bf53-d2ab323eac13,social-feed-rest-api-reference-for-sharepoint-2013
OL15Con,ea5cbf9f-25cc-9cca-9be0-d2deed576153,iolkaccountmanager-unadvise
OL15Con,534e404f-54c6-4d2b-a8d0-d2ee990a972f,isocialsession-getnetworkidentifier
OL15Con,6e4acad6-7665-493c-94cc-d38684b2842f,supported-and-unsupported-features
OL15Con,ae4cbe4b-a0cb-c3c5-cf2e-d396b4acb68f,ifreebusydata-placeholder2
OL15Con,b42b4452-90f8-464c-828f-d3abac40670c,how-to-create-report-editors-for-performancepoint-services-in-sharepoint-2013
OL15Con,816e28ed-8cea-4e33-98e5-d3d27136e2e6,how-to-use-sap-workflow-with-duet-enterprise-2-0
OL15Con,1b30f6df-643a-4570-ae5c-d3d8df5609b8,customizing-search-results-in-sharepoint-2013
OL15Con,02fcaf25-42b5-4584-95c6-d44a3d035128,isocialperson-getpicture
OL15Con,46b5a79c-962f-4a07-8316-d5005eabd0e0,publish-sharepoint-2013-sites
OL15Con,a76ab289-3256-45de-ac63-d5112a74e3c7,how-to-convert-an-html-file-into-a-master-page-in-sharepoint-2013
OL15Con,dbce1c47-1252-ddeb-64ae-d52118e6821f,iolkaccountnotify-notify
OL15Con,cd1bf05a-30df-436f-856b-d5280c20b694,prop_inet_server
OL15Con,e9175863-ddb4-4750-847d-d53cb59b33cb,step-2-adding-a-web-reference
OL15Con,a34cbbba-dc38-4d3d-b796-d54b5848bdfb,add-in-scoped-external-content-types-in-sharepoint-2013
OL15Con,260ee328-e73f-48bc-7762-d592b7d42afc,prop_acct_name
OL15Con,8459e265-b8fd-4bf8-911e-d63cae8bf96f,deciding-between-sharepoint-add-ins-and-sharepoint-solutions
OL15Con,0e9efadb-aaf2-4c0d-afd5-d6cf25c4e7a8,sharepoint-add-ins-compared-with-sharepoint-solutions
OL15Con,262caeef-64fd-4e02-b947-d772faf01159,optimize-page-performance-in-sharepoint-2013
OL15Con,d1cb6653-bfc0-4af2-b221-d7d30cb40d84,overview-of-sharepoint-2013-and-the-volume-shadow-copy-service
OL15Con,58119969-1d56-5b38-57ac-d8adf5097ef0,ifreebusydata-placeholder4
OL15Con,c9c66843-fd77-4a0d-a512-d936d15d4429,step-2-adding-the-content-editor-and-excel-services-web-parts
OL15Con,fbbedc38-9651-4cd6-b523-d93cbf1cd39d,how-to-implement-business-logic-and-data-validation-in-a-windows-phone-app-for-s
OL15Con,14e0c469-31dc-fbe2-0d45-da602df04f13,weatherdata-element-outlook-weather-location-schema
OL15Con,cf176321-b9ff-9b47-b785-da7da5e77536,ifreebusysupport-placeholder2
OL15Con,6ae27957-fa41-4e6f-92e3-db11dae1f6c2,overview-of-windows-phone-sharepoint-2013-application-templates-in-visual-studio
OL15Con,cfc9bdf8-ddf3-40e1-83d9-dbd304cebd57,business-connectivity-services-programmers-reference-for-sharepoint-2013
OL15Con,4dbfdb6c-a930-4efb-85c3-dc2757ddcf83,isocialprofileisocialperson
OL15Con,110bcc88-2b55-4d80-ab5c-dc3b9658e48d,advanced-scenarios-and-additional-samples
OL15Con,c21cc3e2-45bd-4d34-a57d-dd0954436bd8,troubleshooting-sharepoint-server-workflow-validation-errors-in-visio
OL15Con,5a88adf0-9265-4d49-976d-de0d93269aa9,outlook-social-connector-provider-xml-schema
OL15Con,6356f7bf-e3a1-4294-ad6e-df77bdd0356c,isocialprovider-load
OL15Con,5251d35a-d659-49b3-8e0d-dfd4a7faee6b,how-to-use-multiple-sharepoint-2013-lists-in-a-windows-phone-app
OL15Con,84b16927-964e-24be-feaa-e0c11cf062f3,weatherdata-element-outlook-weather-information-schema
OL15Con,bc4506c7-7a4f-940d-d0a6-e0fab4561a88,iolkapptrebaser-endenumerateappointments
OL15Con,6ab5924d-2e03-25df-7ce2-e13d6b69291b,what-s-new-in-this-edition-outlook-auxiliary-reference
OL15Con,513de39d-6d16-47b6-b2f4-e1bd12a7193f,data-types-account-management-api
OL15Con,dfb3bca5-5f51-9868-e4f6-e4a94006585d,ifreebusysupport-placeholder1
OL15Con,7923d60d-84b9-44d6-8185-e5236efaf502,create-a-sharepoint-workflow-app-using-visual-studio-2012
OL15Con,7b7cb295-fc77-a8b9-aac9-e548f3b4afcb,iolkaccount
OL15Con,11833823-35fa-4bed-8dda-e5c74c320d46,data-types-outlook-exported-apis
OL15Con,392e4734-5ca0-4647-8f6d-e671daa45a4d,getting-started-with-excel-services
OL15Con,a7ab8a50-dd30-4ba5-b6d8-e6d1f482e6f1,about-registering-a-new-domain-for-automatic-configuration
OL15Con,5fa22ebb-e507-4ffc-a425-e755502feae2,excel-services-overview
OL15Con,f2d6a11e-847d-6bbe-cd77-e78ee961cb12,fbstatus
OL15Con,c9da5011-3c73-4b83-8e00-e7a03a71ed02,managed-navigation-in-sharepoint-2013
OL15Con,85bcd5b9-321a-489d-9304-e7bd11e1fb2c,interfaces-free-busy-api
OL15Con,507ed9de-c349-44b5-b182-e838795dd862,how-to-set-the-bing-maps-key-at-the-web-and-farm-level-in-sharepoint-2013
OL15Con,d8a56746-4de4-4f24-af32-e85079c060b8,getting-friends-information
OL15Con,5060f676-9aaa-41fe-88ef-e862ee2e1c52,social-and-collaboration-features-in-sharepoint-2013
OL15Con,3c9edf82-ee2d-41f0-9d66-e88e8dc0cc69,step-2-creating-a-managed-code-udf
OL15Con,30d8268e-0c64-401d-8799-e8e1ba78b88f,prop_acct_mini_uid
OL15Con,4cd68a3e-9c3b-4fb9-bb66-e96cf0faec69,set-up-and-configure-sharepoint-2013-workflow-manager
OL15Con,0cd5a5ae-118f-c7da-4eda-e97590fc39d4,ifreebusydata-enumblocks
OL15Con,a54c6cd2-2283-440d-af55-e98e3212caa1,how-to-use-sap-reporting-with-duet-enterprise-2-0
OL15Con,f199a97f-55d6-9297-adc4-e9f7b4b5f58b,prop_acct_sentitems_eid
OL15Con,808b1af3-89ab-4f02-89cc-ea86cb1f9a6e,overview-of-the-sharepoint-2013-page-model
OL15Con,9d2fa681-30c2-4549-9df2-ea9ed757fda9,how-to-build-and-deploy-workflow-custom-actions
OL15Con,35911941-3d5d-a00c-f6bf-eb0e93e00083,types-outlook-weather-location-schema
OL15Con,394e1430-04d6-4d61-be13-eb695309fa73,parsing-the-message-download-history-for-a-pop3-account
OL15Con,ab2c0f60-b7df-46a1-9105-eb85ce817431,how-to-get-values-from-ranges
OL15Con,c0b137cd-126d-4c74-a3f7-eb9debe3c35f,excel-services-blogs-forums-and-resources
OL15Con,2a3a7d23-775a-4d95-9066-ebbd18c92ad4,searching-new-content-with-sharepoint-search
OL15Con,65fba557-5fb0-42de-8715-eccda1f3c648,how-to-determine-whether-an-outlook-item-has-been-modified-but-not-saved-outlook
OL15Con,3362639a-8098-47ab-ba94-ee89e4920032,xml-for-friends
OL15Con,63d9c867-0c5e-4f89-bc61-eeefb0320844,sharepoint-workflow-development-best-practices
OL15Con,8a20225a-323c-4420-bbb4-eef60aed4b42,using-odata-with-excel-services-rest-in-sharepoint-2013
OL15Con,4af54687-f7b6-44d4-af39-ef0fa56c66be,$$ol15weatherinfoschema
OL15Con,96f32db2-d654-4e72-88d1-ef955e3ff42b,isocialprovider-socialnetworkname
OL15Con,5633d70c-ca3e-4b9d-8e85-ef98f85f1961,prop_inet_port
OL15Con,87ee28e6-8170-4dba-8c9d-f04ab9e632dc,how-to-back-up-and-restore-a-search-service-application-in-sharepoint-2013-using
OL15Con,64b7d032-4b83-4e9e-bc08-f0a161af5457,business-connectivity-services-in-sharepoint-2013
OL15Con,f1cd30c9-9a73-428d-9151-f1813b43b020,what-s-changed-in-sharepoint-designer-2013
OL15Con,6c70e941-3836-4cf5-b848-f192fefddbd4,use-workflow-interop-for-sharepoint-2013
OL15Con,1a8bbe0c-17d1-9349-4c63-f257faf4edda,ifreebusydata-getfbpublishrange
OL15Con,b4218aa6-1591-49db-9782-f286135fc79a,managing-message-downloads-for-pop3-accounts
OL15Con,c17d375b-151f-48ae-ac32-f2ce9e68d63f,color-palettes-and-fonts-in-sharepoint-2013
OL15Con,d96b5f8b-a011-6461-3b5a-f38699cb736c,ifreebusysupport-placeholder4
OL15Con,08e4e4e1-d960-43fa-85df-f3c279ed6927,set-up-a-general-development-environment-for-sharepoint-2013
OL15Con,c8d68632-1b55-454c-961a-f3ddad731bf6,how-to-create-and-delete-posts-and-retrieve-the-social-feed-by-using-the-net-cli
OL15Con,03f72f65-b22b-4304-be92-f44ce0619372,how-to-resolve-errors-and-warnings-when-previewing-a-page-in-sharepoint-2013
OL15Con,649b5400-8dc5-cc5c-3455-f462e2d31689,fbuser
OL15Con,f33705cc-8add-42be-9d9f-f4e9245d83f5,relating-the-osc-with-outlook-and-social-networks
OL15Con,55268188-8432-4145-9527-f5888949fc24,guidelines-for-properly-displaying-activities
OL15Con,c80cb77c-89db-4c78-b576-f63d39ca330a,protocol-handler-error-due-to-deprecated-interface-in-sharepoint-2016
OL15Con,fe7d12a3-6ea9-47f9-b69e-f66da9e661dc,bcs-client-object-model-reference-for-sharepoint-2013
OL15Con,9e36e0d9-a28b-5978-0e23-f76e1bf506b5,how-to-parse-a-stream-from-a-binary-property-to-read-the-tzreg-structure
OL15Con,901c2012-18c6-4dbd-a787-f8650a0cc7a8,how-to-export-the-name-field-in-a-document-library-list-to-a-mobile-app
OL15Con,68caef4c-5941-4a88-b34b-f88122801cef,sharepoint-2013-design-manager-snippets
OL15Con,36681335-f772-4499-8445-f94481bc18e7,build-windows-phone-apps-that-access-sharepoint-2013
OL15Con,c6d5f486-6247-47f9-9876-fab12f13342f,how-to-create-external-event-receivers
OL15Con,9b46358c-bcab-f097-8746-fabfd4722b3c,ienumfbblock-next
OL15Con,541dfe13-0f85-bac6-b302-fc044a75631e,constants-data-degradation-layer-api
OL15Con,8bb17e80-3be5-228e-ddb4-fcda03b60ba6,outlook-weather-location-xml-schema
OL15Con,63b3145b-ece2-4acf-b58a-fd8b50303030,how-to-create-a-vss-requestor-for-use-with-sharepoint-2013
OL15Con,de4b50a3-84da-48ce-9ba0-fe06571e52a8,how-to-create-an-add-in-scoped-external-content-type-in-sharepoint-2013
OL15Con,2e48a625-b3f7-9fd0-253e-fe12a1aca446,welcome-to-the-outlook-auxiliary-reference
OL15Con,f516e86e-0158-472b-9711-fe7491b24404,isocialsession2iunknown
OL15Con,7583b217-200c-4569-8f88-fe975c8ebd72,how-to-add-a-web-part-zone-snippet-in-sharepoint-2013
OL15Con,8f92b2c7-9f47-4c84-874b-fec1a2a5b555,outlook-social-connector-provider-interfaces
OL15Con,14ca37a2-5b45-430d-9004-ff3016f89834,how-to-store-and-retrieve-sharepoint-list-items-on-a-windows-phone
OL15Con,0c518245-2c52-435d-98ad-ffad72a4527b,how-to-specify-whether-to-display-a-contact-s-picture-in-outlook
OL15Con,2c396a91-0fc1-4e25-942b-fffad49bd2c6,language-support-for-windows-phone-in-sharepoint-2013
